{"cameraMode":{"drawMode":0,"name":"Shaded","section":"Shading Mode"},"sceneLighting":false,"audioPlay":false,"sceneViewState":{"m_AlwaysRefresh":false,"showFog":true,"showSkybox":false,"showFlares":true,"showImageEffects":true,"showParticleSystems":true,"showVisualEffectGraphs":true,"m_FxEnabled":true},"in2DMode":false,"pivot":{"x":-0.8209748268127441,"y":2.676208734512329,"z":-103.02838897705078},"rotation":{"x":0.2256377637386322,"y":0.5454208850860596,"z":-0.15536297857761384,"w":0.7921297550201416},"size":0.15911418199539185,"orthographic":false}